{
    "FX_Forwards": [
        {
            "Name": "SEK/USD FWD RH_TEST",
            "buy_currency": "SEK",
            "sell_currency": "USD",
            "forward_rate": 0.11045927,
            "maturity_date": "2019-03-20T00:00:00",
            "reporting_attributes": [
                {
                    "key": "Name",
                    "value": "SEK/USD FWD RH_TEST"
                },
                {
                    "key": "Maturity",
                    "value": "03/20/2019 00:00:00"
                },
                {
                    "key": "Currency",
                    "value": "SEK"
                },
                {
                    "key": "Country",
                    "value": "SE"
                },
                {
                    "key": "PayloadId",
                    "value": "636912033196598843"
                },
                {
                    "key": "CreationDate",
                    "value": "04/18/2019"
                }
            ]
        },
        {
            "Name": "GBP/USD FWD RH_TEST",
            "buy_currency": "GBP",
            "sell_currency": "USD",
            "forward_rate": 0.11045927,
            "maturity_date": "2019-03-20T00:00:00",
            "reporting_attributes": [
                {
                    "key": "Name",
                    "value": "GBP/USD FWD RH_TEST"
                },
                {
                    "key": "Maturity",
                    "value": "03/20/2019 00:00:00"
                },
                {
                    "key": "Currency",
                    "value": "SEK"
                },
                {
                    "key": "Country",
                    "value": "SE"
                },
                {
                    "key": "PayloadId",
                    "value": "636912033196598843"
                },
                {
                    "key": "CreationDate",
                    "value": "04/18/2019 16:57:25"
                }
            ]
        },
        {
            "Name": "EUR/USD FWD RH_TEST",
            "buy_currency": "EUR",
            "sell_currency": "USD",
            "forward_rate": 0.11045927,
            "maturity_date": "2019-03-20T00:00:00",
            "reporting_attributes": []
        }
    ]
}