{
    "SampleUsers": {
        "user1": {
            "domain": "https://example-axioma-api-domain.instance.com",
            "client_id": "ABC123",
            "username": "user1",
            "password": "pwd1"
        },
        "user2": {
            "domain": "https://example-axioma-api-domain.instance.com",
            "client_id": "ABC123",
            "username": "user2",
            "password": "pwd2"
        },
        "user3": {
            "domain": "https://example-axioma-api-domain.instance.com",
            "client_id": "ABC123",
            "username": "user3",
            "password": "pwd2"
        }
    }
}